chr,start,end,marker,trait
chr1,114303808,114303809,rs6679677,Type 1 Diabetes
chr1,225812911,225812912,rs2639703,Type 1 Diabetes
chr1,64108771,64108772,rs2269241,Type 1 Diabetes
chr1,111434711,111434712,rs2070748,Type 1 Diabetes
chr1,204389314,204389315,rs12061474,Type 1 Diabetes
chr1,225673847,225673848,rs9804142,Type 1 Diabetes
chr1,19693128,19693129,rs214321,Type 1 Diabetes
chr1,120286863,120286864,rs17258425,Type 1 Diabetes
chr1,222012950,222012951,rs4579763,Type 1 Diabetes
chr1,229913100,229913101,rs640333,Type 1 Diabetes
chr1,231132597,231132598,rs10864649,Type 1 Diabetes
chr1,236802016,236802017,rs577193,Type 1 Diabetes
chr1,81560554,81560555,rs672797,Type 1 Diabetes
chr1,114377568,114377569,rs2476601,Type 1 Diabetes
chr1,65247394,65247395,rs2478151,Type 1 Diabetes
chr1,215415383,215415384,rs946487,Type 1 Diabetes
chr1,206939904,206939905,rs3024505,Type 1 Diabetes
chr1,192502783,192502784,rs10754013,Type 1 Diabetes
chr1,116806345,116806346,rs10924028,Type 1 Diabetes
chr1,112385812,112385813,rs626737,Type 1 Diabetes
chr1,198660143,198660144,rs2182419,Type 1 Diabetes
chr1,118142558,118142559,rs1975283,Type 1 Diabetes
chr1,212919407,212919408,rs2174780,Type 1 Diabetes
chr1,169268692,169268693,rs3766088,Type 1 Diabetes
chr1,234428792,234428793,rs686182,Type 1 Diabetes
chr1,27333622,27333623,rs12755215,Type 1 Diabetes
chr1,183327866,183327867,rs634375,Type 1 Diabetes
chr1,85311192,85311193,rs1983853,Type 1 Diabetes
chr1,157670816,157670817,rs7528684,Type 1 Diabetes
chr2,175185780,175185781,rs13035792,Type 1 Diabetes
chr2,215623390,215623391,rs10221582,Type 1 Diabetes
chr2,43587504,43587505,rs6732426,Type 1 Diabetes
chr2,74690378,74690379,rs1063588,Type 1 Diabetes
chr2,100825367,100825368,rs9653442,Type 1 Diabetes
chr2,184771169,184771170,rs826140,Type 1 Diabetes
chr2,204708776,204708777,rs11571304,Type 1 Diabetes
chr2,100837567,100837568,rs2309837,Type 1 Diabetes
chr2,204738919,204738920,rs3087243,Type 1 Diabetes
chr2,163110536,163110537,rs2111485,Type 1 Diabetes
chr2,25107704,25107705,rs17738465,Type 1 Diabetes
chr2,12640741,12640742,rs1534422,Type 1 Diabetes
chr2,191973563,191973564,rs6752770,Type 1 Diabetes
chr2,60669931,60669932,rs10490072,Type 1 Diabetes
chr2,7512642,7512643,rs2217436,Type 1 Diabetes
chr2,43632950,43632951,rs6544653,Type 1 Diabetes
chr2,111796833,111796834,rs6706577,Type 1 Diabetes
chr2,146819721,146819722,rs7583107,Type 1 Diabetes
chr2,142856664,142856665,rs11691595,Type 1 Diabetes
chr2,203772904,203772905,rs17637266,Type 1 Diabetes
chr2,30564611,30564612,rs6748302,Type 1 Diabetes
chr2,24692809,24692810,rs2165738,Type 1 Diabetes
chr2,163124051,163124052,rs1990760,Type 1 Diabetes
chr2,28646801,28646802,rs6547853,Type 1 Diabetes
chr2,25301755,25301756,rs478222,Type 1 Diabetes
chr2,174462854,174462855,rs4972593,Type 1 Diabetes
chr3,46281744,46281745,rs13096142,Type 1 Diabetes
chr3,55469813,55469814,rs1520703,Type 1 Diabetes
chr3,178502029,178502030,rs11924694,Type 1 Diabetes
chr3,12514124,12514125,rs709165,Type 1 Diabetes
chr3,22504332,22504333,rs1450349,Type 1 Diabetes
chr3,95549039,95549040,rs1368515,Type 1 Diabetes
chr3,46345611,46345612,rs11711054,Type 1 Diabetes
chr3,187407916,187407917,rs3915052,Type 1 Diabetes
chr3,3963543,3963544,rs11922306,Type 1 Diabetes
chr3,4527619,4527620,rs304082,Type 1 Diabetes
chr3,55112923,55112924,rs358081,Type 1 Diabetes
chr3,145819723,145819724,rs1449440,Type 1 Diabetes
chr3,108098637,108098638,rs11707076,Type 1 Diabetes
chr3,11740887,11740888,rs6786278,Type 1 Diabetes
chr4,123329362,123329363,rs17388568,Type 1 Diabetes
chr4,57849251,57849252,rs1718886,Type 1 Diabetes
chr4,123198435,123198436,rs6534347,Type 1 Diabetes
chr4,26088220,26088221,rs33943415,Type 1 Diabetes
chr4,123132492,123132493,rs4505848,Type 1 Diabetes
chr4,166574267,166574268,rs2611215,Type 1 Diabetes
chr4,38379495,38379496,rs6840119,Type 1 Diabetes
chr4,68181030,68181031,rs1440561,Type 1 Diabetes
chr4,109488632,109488633,rs7676871,Type 1 Diabetes
chr4,185026377,185026378,rs11132224,Type 1 Diabetes
chr4,123377980,123377981,rs2069762,Type 1 Diabetes
chr5,86399262,86399263,rs2544677,Type 1 Diabetes
chr5,132628884,132628885,rs17166496,Type 1 Diabetes
chr5,35901857,35901858,rs1025039,Type 1 Diabetes
chr5,86294669,86294670,rs7722135,Type 1 Diabetes
chr5,6985430,6985431,rs6873965,Type 1 Diabetes
chr5,167959307,167959308,rs244895,Type 1 Diabetes
chr5,120471719,120471720,rs7731784,Type 1 Diabetes
chr5,86445632,86445633,rs2624217,Type 1 Diabetes
chr5,35910529,35910530,rs1445898,Type 1 Diabetes
chr5,5355521,5355522,rs13181461,Type 1 Diabetes
chr5,175224905,175224906,rs2434237,Type 1 Diabetes
chr5,168225838,168225839,rs11134532,Type 1 Diabetes
chr5,32455790,32455791,rs623435,Type 1 Diabetes
chr5,35874575,35874576,rs6897932,Type 1 Diabetes
chr6,32604372,32604373,rs9272346,Type 1 Diabetes
chr6,18186697,18186698,rs365237,Type 1 Diabetes
chr6,25419318,25419319,rs9295657,Type 1 Diabetes
chr6,92822555,92822556,rs2452941,Type 1 Diabetes
chr6,31440497,31440498,rs2516440,Type 1 Diabetes
chr6,32780724,32780725,rs11244,Type 1 Diabetes
chr6,32172993,32172994,rs3131296,Type 1 Diabetes
chr6,32665759,32665760,rs9275313,Type 1 Diabetes
chr6,32590722,32590723,rs17533090,Type 1 Diabetes
chr6,32758394,32758395,rs7758736,Type 1 Diabetes
chr6,32955976,32955977,rs188245,Type 1 Diabetes
chr6,31067009,31067010,rs2517403,Type 1 Diabetes
chr6,32368087,32368088,rs3817963,Type 1 Diabetes
chr6,32668296,32668297,rs9275371,Type 1 Diabetes
chr6,32191339,32191340,rs3830041,Type 1 Diabetes
chr6,31940897,31940898,rs389884,Type 1 Diabetes
chr6,32064726,32064727,rs1150752,Type 1 Diabetes
chr6,33059669,33059670,rs2281390,Type 1 Diabetes
chr6,30739846,30739847,rs6911628,Type 1 Diabetes
chr6,32730086,32730087,rs2051549,Type 1 Diabetes
chr6,32402705,32402706,rs2027856,Type 1 Diabetes
chr6,32577380,32577381,rs660895,Type 1 Diabetes
chr6,31481105,31481106,rs2516400,Type 1 Diabetes
chr6,31075481,31075482,rs2844635,Type 1 Diabetes
chr6,30728360,30728361,rs3094122,Type 1 Diabetes
chr6,32392877,32392878,rs3135353,Type 1 Diabetes
chr6,32161430,32161431,rs204990,Type 1 Diabetes
chr6,31620520,31620521,rs3117582,Type 1 Diabetes
chr6,32401079,32401080,rs3129860,Type 1 Diabetes
chr6,32730940,32730941,rs2071550,Type 1 Diabetes
chr6,31443323,31443324,rs12660382,Type 1 Diabetes
chr6,30451904,30451905,rs3094694,Type 1 Diabetes
chr6,32189032,32189033,rs415929,Type 1 Diabetes
chr6,32211085,32211086,rs412657,Type 1 Diabetes
chr6,31440082,31440083,rs1055569,Type 1 Diabetes
chr6,32682137,32682138,rs3957148,Type 1 Diabetes
chr6,31472720,31472721,rs2855812,Type 1 Diabetes
chr6,32765130,32765131,rs2621373,Type 1 Diabetes
chr6,32669084,32669085,rs9275388,Type 1 Diabetes
chr6,32501504,32501505,rs13215135,Type 1 Diabetes
chr6,33072266,33072267,rs2064478,Type 1 Diabetes
chr6,32654714,32654715,rs9275184,Type 1 Diabetes
chr6,32835258,32835259,rs10484566,Type 1 Diabetes
chr6,32402889,32402890,rs9268615,Type 1 Diabetes
chr6,32244627,32244628,rs3130340,Type 1 Diabetes
chr6,30339602,30339603,rs2844746,Type 1 Diabetes
chr6,31478986,31478987,rs2246618,Type 1 Diabetes
chr6,32413317,32413318,rs2395182,Type 1 Diabetes
chr6,31851234,31851235,rs652888,Type 1 Diabetes
chr6,32666526,32666527,rs1794282,Type 1 Diabetes
chr6,31336870,31336871,rs2253907,Type 1 Diabetes
chr6,32784620,32784621,rs2071472,Type 1 Diabetes
chr6,31445909,31445910,rs2395488,Type 1 Diabetes
chr6,32168771,32168772,rs3134942,Type 1 Diabetes
chr6,32186872,32186873,rs2256594,Type 1 Diabetes
chr6,32682862,32682863,rs3892710,Type 1 Diabetes
chr6,32784783,32784784,rs2071469,Type 1 Diabetes
chr6,32798731,32798732,rs1015166,Type 1 Diabetes
chr6,31145920,31145921,rs887464,Type 1 Diabetes
chr6,32406342,32406343,rs3129871,Type 1 Diabetes
chr6,32987774,32987775,rs423639,Type 1 Diabetes
chr6,32109979,32109980,rs204999,Type 1 Diabetes
chr6,32804909,32804910,rs241425,Type 1 Diabetes
chr6,30079993,30079994,rs2523987,Type 1 Diabetes
chr6,32379506,32379507,rs17208888,Type 1 Diabetes
chr6,31687008,31687009,rs1065356,Type 1 Diabetes
chr6,32796346,32796347,rs241452,Type 1 Diabetes
chr6,31446796,31446797,rs2248462,Type 1 Diabetes
chr6,32818678,32818679,rs2071538,Type 1 Diabetes
chr6,31531215,31531216,rs928815,Type 1 Diabetes
chr6,32257566,32257567,rs926070,Type 1 Diabetes
chr6,32680970,32680971,rs7745656,Type 1 Diabetes
chr6,32677088,32677089,rs9275555,Type 1 Diabetes
chr6,32203537,32203538,rs3130299,Type 1 Diabetes
chr6,32681631,32681632,rs9275596,Type 1 Diabetes
chr6,31101674,31101675,rs3130564,Type 1 Diabetes
chr6,31646398,31646399,rs2280800,Type 1 Diabetes
chr6,32572251,32572252,rs2858870,Type 1 Diabetes
chr6,32149816,32149817,rs3134940,Type 1 Diabetes
chr6,31639979,31639980,rs9267532,Type 1 Diabetes
chr6,32658079,32658080,rs7775228,Type 1 Diabetes
chr6,32736936,32736937,rs6901084,Type 1 Diabetes
chr6,32373698,32373699,rs3806156,Type 1 Diabetes
chr6,32380208,32380209,rs3129963,Type 1 Diabetes
chr6,31321211,31321212,rs2596501,Type 1 Diabetes
chr6,32404878,32404879,rs2395174,Type 1 Diabetes
chr6,30327839,30327840,rs3130350,Type 1 Diabetes
chr6,32209861,32209862,rs507778,Type 1 Diabetes
chr6,30796545,30796546,rs1264350,Type 1 Diabetes
chr6,31074101,31074102,rs2517485,Type 1 Diabetes
chr6,30726939,30726940,rs3095340,Type 1 Diabetes
chr6,30824532,30824533,rs2844659,Type 1 Diabetes
chr6,32199144,32199145,rs377763,Type 1 Diabetes
chr6,32722186,32722187,rs10807113,Type 1 Diabetes
chr6,31352040,31352041,rs2442749,Type 1 Diabetes
chr6,29179237,29179238,rs3130817,Type 1 Diabetes
chr6,32899296,32899297,rs154978,Type 1 Diabetes
chr6,31240692,31240693,rs2395471,Type 1 Diabetes
chr6,32755290,32755291,rs7762279,Type 1 Diabetes
chr6,31610686,31610687,rs1052486,Type 1 Diabetes
chr6,31265490,31265491,rs2247056,Type 1 Diabetes
chr6,32922908,32922909,rs209473,Type 1 Diabetes
chr6,30078275,30078276,rs2523989,Type 1 Diabetes
chr6,32669767,32669768,rs2647050,Type 1 Diabetes
chr6,31058340,31058341,rs3130544,Type 1 Diabetes
chr6,30328753,30328754,rs3094621,Type 1 Diabetes
chr6,31870856,31870857,rs9267665,Type 1 Diabetes
chr6,32913246,32913247,rs1480380,Type 1 Diabetes
chr6,29945949,29945950,rs3132685,Type 1 Diabetes
chr6,32361111,32361112,rs3817973,Type 1 Diabetes
chr6,32428285,32428286,rs6903608,Type 1 Diabetes
chr6,31572927,31572928,rs9378200,Type 1 Diabetes
chr6,31481526,31481527,rs2516398,Type 1 Diabetes
chr6,31601843,31601844,rs3115663,Type 1 Diabetes
chr6,31810085,31810086,rs3115673,Type 1 Diabetes
chr6,32680928,32680929,rs7765379,Type 1 Diabetes
chr6,31688200,31688201,rs376510,Type 1 Diabetes
chr6,31446466,31446467,rs2248372,Type 1 Diabetes
chr6,31336250,31336251,rs2523535,Type 1 Diabetes
chr6,32666822,32666823,rs9275328,Type 1 Diabetes
chr6,30933794,30933795,rs3095089,Type 1 Diabetes
chr6,32336187,32336188,rs3129934,Type 1 Diabetes
chr6,31312326,31312327,rs3134792,Type 1 Diabetes
chr6,31688217,31688218,rs805294,Type 1 Diabetes
chr6,32706334,32706335,rs7773694,Type 1 Diabetes
chr6,31432125,31432126,rs2284178,Type 1 Diabetes
chr6,31340559,31340560,rs2394990,Type 1 Diabetes
chr6,31764899,31764900,rs480092,Type 1 Diabetes
chr6,32338695,32338696,rs3129943,Type 1 Diabetes
chr6,30080274,30080275,rs2517598,Type 1 Diabetes
chr6,31459742,31459743,rs2516415,Type 1 Diabetes
chr6,31933518,31933519,rs492899,Type 1 Diabetes
chr6,32698457,32698458,rs9276162,Type 1 Diabetes
chr6,32602430,32602431,rs17211510,Type 1 Diabetes
chr6,31778272,31778273,rs2227956,Type 1 Diabetes
chr6,32686084,32686085,rs12177980,Type 1 Diabetes
chr6,32339647,32339648,rs2050189,Type 1 Diabetes
chr6,32925692,32925693,rs580962,Type 1 Diabetes
chr6,31742590,31742591,rs707928,Type 1 Diabetes
chr6,29442701,29442702,rs2746150,Type 1 Diabetes
chr6,32702813,32702814,rs9276291,Type 1 Diabetes
chr6,31472459,31472460,rs2534657,Type 1 Diabetes
chr6,32066765,32066766,rs13199524,Type 1 Diabetes
chr6,31845985,31845986,rs9267658,Type 1 Diabetes
chr6,31483458,31483459,rs9267444,Type 1 Diabetes
chr6,30763756,30763757,rs3131063,Type 1 Diabetes
chr6,32220397,32220398,rs9267992,Type 1 Diabetes
chr6,32981848,32981849,rs9276991,Type 1 Diabetes
chr6,31555130,31555131,rs2256965,Type 1 Diabetes
chr6,32383223,32383224,rs9268530,Type 1 Diabetes
chr6,32677152,32677153,rs16898264,Type 1 Diabetes
chr6,32808232,32808233,rs3763349,Type 1 Diabetes
chr6,31349922,31349923,rs9266722,Type 1 Diabetes
chr6,32182759,32182760,rs206015,Type 1 Diabetes
chr6,32862740,32862741,rs241407,Type 1 Diabetes
chr6,32657578,32657579,rs7774434,Type 1 Diabetes
chr6,32670956,32670957,rs2856705,Type 1 Diabetes
chr6,32433167,32433168,rs2395185,Type 1 Diabetes
chr6,32655218,32655219,rs2856683,Type 1 Diabetes
chr6,32769663,32769664,rs2219893,Type 1 Diabetes
chr6,32787056,32787057,rs1894406,Type 1 Diabetes
chr6,31350802,31350803,rs2844533,Type 1 Diabetes
chr6,32861920,32861921,rs241409,Type 1 Diabetes
chr6,31010200,31010201,rs2508015,Type 1 Diabetes
chr6,29537224,29537225,rs1235162,Type 1 Diabetes
chr6,31483415,31483416,rs2844494,Type 1 Diabetes
chr6,32336766,32336767,rs3129939,Type 1 Diabetes
chr6,32050758,32050759,rs1150754,Type 1 Diabetes
chr6,32348145,32348146,rs2395157,Type 1 Diabetes
chr6,32819865,32819866,rs2071481,Type 1 Diabetes
chr6,32074804,32074805,rs12153855,Type 1 Diabetes
chr6,32788511,32788512,rs9784758,Type 1 Diabetes
chr6,32899485,32899486,rs3132131,Type 1 Diabetes
chr6,32590463,32590464,rs9271568,Type 1 Diabetes
chr6,33061098,33061099,rs3128918,Type 1 Diabetes
chr6,31603770,31603771,rs11229,Type 1 Diabetes
chr6,32299822,32299823,rs1003878,Type 1 Diabetes
chr6,31449327,31449328,rs2905722,Type 1 Diabetes
chr6,29356331,29356332,rs9257809,Type 1 Diabetes
chr6,30032522,30032523,rs8321,Type 1 Diabetes
chr6,32322393,32322394,rs1265759,Type 1 Diabetes
chr6,30333505,30333506,rs3094054,Type 1 Diabetes
chr6,32796751,32796752,rs241447,Type 1 Diabetes
chr6,32732210,32732211,rs6903130,Type 1 Diabetes
chr6,32804934,32804935,rs241424,Type 1 Diabetes
chr6,27859568,27859569,rs200968,Type 1 Diabetes
chr6,30920124,30920125,rs3132580,Type 1 Diabetes
chr6,31448315,31448316,rs2516424,Type 1 Diabetes
chr6,32670000,32670001,rs2858308,Type 1 Diabetes
chr6,32261252,32261253,rs7775397,Type 1 Diabetes
chr6,31277988,31277989,rs7755852,Type 1 Diabetes
chr6,31247135,31247136,rs4386816,Type 1 Diabetes
chr6,30955681,30955682,rs1634731,Type 1 Diabetes
chr6,30321189,30321190,rs3094061,Type 1 Diabetes
chr6,32569691,32569692,rs477515,Type 1 Diabetes
chr6,31449994,31449995,rs2516509,Type 1 Diabetes
chr6,32800224,32800225,rs2228397,Type 1 Diabetes
chr6,31505480,31505481,rs2734583,Type 1 Diabetes
chr6,33055538,33055539,rs9277554,Type 1 Diabetes
chr6,32787570,32787571,rs2857106,Type 1 Diabetes
chr6,32321597,32321598,rs1265761,Type 1 Diabetes
chr6,31918860,31918861,rs1270942,Type 1 Diabetes
chr6,32681277,32681278,rs2858331,Type 1 Diabetes
chr6,31824828,31824829,rs9267649,Type 1 Diabetes
chr6,32667910,32667911,rs2647044,Type 1 Diabetes
chr6,31264461,31264462,rs3094682,Type 1 Diabetes
chr6,30207495,30207496,rs2844773,Type 1 Diabetes
chr6,32379383,32379384,rs3129962,Type 1 Diabetes
chr6,31448976,31448977,rs3099844,Type 1 Diabetes
chr6,31933161,31933162,rs406936,Type 1 Diabetes
chr6,32076499,32076500,rs2269426,Type 1 Diabetes
chr6,32781776,32781777,rs2856997,Type 1 Diabetes
chr6,32812916,32812917,rs2071540,Type 1 Diabetes
chr6,32400344,32400345,rs9501626,Type 1 Diabetes
chr6,31721033,31721034,rs3131379,Type 1 Diabetes
chr6,31428967,31428968,rs2596472,Type 1 Diabetes
chr6,30038647,30038648,rs9261290,Type 1 Diabetes
chr6,32952546,32952547,rs206777,Type 1 Diabetes
chr6,32363215,32363216,rs1980493,Type 1 Diabetes
chr6,32713267,32713268,rs2239800,Type 1 Diabetes
chr6,32781524,32781525,rs2621330,Type 1 Diabetes
chr6,32689529,32689530,rs9461799,Type 1 Diabetes
chr6,32354428,32354429,rs4424066,Type 1 Diabetes
chr6,32670110,32670111,rs9275408,Type 1 Diabetes
chr6,32796226,32796227,rs241453,Type 1 Diabetes
chr6,30932309,30932310,rs2844697,Type 1 Diabetes
chr6,31619576,31619577,rs3117583,Type 1 Diabetes
chr6,32185796,32185797,rs8192591,Type 1 Diabetes
chr6,32670255,32670256,rs2856718,Type 1 Diabetes
chr6,30905313,30905314,rs3132571,Type 1 Diabetes
chr6,32387780,32387781,rs2395162,Type 1 Diabetes
chr6,32071893,32071894,rs3134954,Type 1 Diabetes
chr6,29472916,29472917,rs757256,Type 1 Diabetes
chr6,32401327,32401328,rs7356880,Type 1 Diabetes
chr6,32141883,32141884,rs408359,Type 1 Diabetes
chr6,32371619,32371620,rs3793126,Type 1 Diabetes
chr6,31308630,31308631,rs9265797,Type 1 Diabetes
chr6,31463963,31463964,rs2534678,Type 1 Diabetes
chr6,31681160,31681161,rs385306,Type 1 Diabetes
chr6,32161324,32161325,rs12663103,Type 1 Diabetes
chr6,32184345,32184346,rs404860,Type 1 Diabetes
chr6,31438368,31438369,rs2244839,Type 1 Diabetes
chr6,32705276,32705277,rs13199787,Type 1 Diabetes
chr6,32880993,32880994,rs154981,Type 1 Diabetes
chr6,33034815,33034816,rs1367728,Type 1 Diabetes
chr6,32190028,32190029,rs3132946,Type 1 Diabetes
chr6,31342631,31342632,rs2254556,Type 1 Diabetes
chr6,32405026,32405027,rs2395175,Type 1 Diabetes
chr6,32796685,32796686,rs241448,Type 1 Diabetes
chr6,32573415,32573416,rs601945,Type 1 Diabetes
chr6,32730012,32730013,rs7453920,Type 1 Diabetes
chr6,32804414,32804415,rs241427,Type 1 Diabetes
chr6,32205045,32205046,rs549182,Type 1 Diabetes
chr6,31529883,31529884,rs2516390,Type 1 Diabetes
chr6,31321685,31321686,rs1058026,Type 1 Diabetes
chr6,31802541,31802542,rs9368699,Type 1 Diabetes
chr6,30693816,30693817,rs3095329,Type 1 Diabetes
chr6,31272261,31272262,rs6457374,Type 1 Diabetes
chr6,32782582,32782583,rs2071474,Type 1 Diabetes
chr6,32358513,32358514,rs3117098,Type 1 Diabetes
chr6,31627523,31627524,rs3130617,Type 1 Diabetes
chr6,30279130,30279131,rs3130380,Type 1 Diabetes
chr6,31593476,31593477,rs2260000,Type 1 Diabetes
chr6,31320538,31320539,rs2442719,Type 1 Diabetes
chr6,32218989,32218990,rs9296015,Type 1 Diabetes
chr6,32401217,32401218,rs3135338,Type 1 Diabetes
chr6,31367865,31367866,rs2523454,Type 1 Diabetes
chr6,32752139,32752140,rs719654,Type 1 Diabetes
chr6,31245736,31245737,rs6906846,Type 1 Diabetes
chr6,32665728,32665729,rs9275312,Type 1 Diabetes
chr6,31610529,31610530,rs1077393,Type 1 Diabetes
chr6,31613739,31613740,rs3130048,Type 1 Diabetes
chr6,32668846,32668847,rs9275383,Type 1 Diabetes
chr6,32723917,32723918,rs7756516,Type 1 Diabetes
chr6,32707295,32707296,rs9276370,Type 1 Diabetes
chr6,30893941,30893942,rs4678,Type 1 Diabetes
chr6,31018546,31018547,rs2523864,Type 1 Diabetes
chr6,30782002,30782003,rs886424,Type 1 Diabetes
chr6,32961104,32961105,rs206769,Type 1 Diabetes
chr6,30332555,30332556,rs1012411,Type 1 Diabetes
chr6,30544401,30544402,rs3132610,Type 1 Diabetes
chr6,31018407,31018408,rs2517532,Type 1 Diabetes
chr6,32509219,32509220,rs12192104,Type 1 Diabetes
chr6,28954293,28954294,rs3129791,Type 1 Diabetes
chr6,32026808,32026809,rs12198173,Type 1 Diabetes
chr6,30105743,30105744,rs2107202,Type 1 Diabetes
chr6,32120715,32120716,rs1053924,Type 1 Diabetes
chr6,32784676,32784677,rs2071554,Type 1 Diabetes
chr6,32739888,32739889,rs1383265,Type 1 Diabetes
chr6,30697447,30697448,rs3094127,Type 1 Diabetes
chr6,30256936,30256937,rs1264622,Type 1 Diabetes
chr6,31618761,31618762,rs3130050,Type 1 Diabetes
chr6,32337686,32337687,rs3129941,Type 1 Diabetes
chr6,30339564,30339565,rs3130361,Type 1 Diabetes
chr6,32502100,32502101,rs602875,Type 1 Diabetes
chr6,30652781,30652782,rs9262143,Type 1 Diabetes
chr6,32315727,32315728,rs910049,Type 1 Diabetes
chr6,31352774,31352775,rs6903496,Type 1 Diabetes
chr6,31604044,31604045,rs3132453,Type 1 Diabetes
chr6,31934372,31934373,rs454212,Type 1 Diabetes
chr6,31274693,31274694,rs3094691,Type 1 Diabetes
chr6,32317635,32317636,rs2076537,Type 1 Diabetes
chr6,29240378,29240379,rs3117326,Type 1 Diabetes
chr6,31665194,31665195,rs805274,Type 1 Diabetes
chr6,31240721,31240722,rs2249742,Type 1 Diabetes
chr6,27810626,27810627,rs175597,Type 1 Diabetes
chr6,30345118,30345119,rs3132630,Type 1 Diabetes
chr6,30829522,30829523,rs2844657,Type 1 Diabetes
chr6,32711178,32711179,rs17500468,Type 1 Diabetes
chr6,33185578,33185579,rs1977090,Type 1 Diabetes
chr6,32895580,32895581,rs9501239,Type 1 Diabetes
chr6,32282854,32282855,rs6910071,Type 1 Diabetes
chr6,31540784,31540785,rs1041981,Type 1 Diabetes
chr6,32050067,32050068,rs185819,Type 1 Diabetes
chr6,32326045,32326046,rs2395150,Type 1 Diabetes
chr6,31317347,31317348,rs2156875,Type 1 Diabetes
chr6,32383108,32383109,rs9268528,Type 1 Diabetes
chr6,31941557,31941558,rs387608,Type 1 Diabetes
chr6,31355318,31355319,rs2596560,Type 1 Diabetes
chr6,31568469,31568470,rs2857595,Type 1 Diabetes
chr6,33075635,33075636,rs3117230,Type 1 Diabetes
chr6,32191041,32191042,rs434841,Type 1 Diabetes
chr6,32737507,32737508,rs9368741,Type 1 Diabetes
chr6,31129310,31129311,rs7750641,Type 1 Diabetes
chr6,32804219,32804220,rs3819715,Type 1 Diabetes
chr6,32161366,32161367,rs204991,Type 1 Diabetes
chr6,32832033,32832034,rs9276831,Type 1 Diabetes
chr6,32126002,32126003,rs3134603,Type 1 Diabetes
chr6,32193678,32193679,rs479536,Type 1 Diabetes
chr6,32681676,32681677,rs3104402,Type 1 Diabetes
chr6,31081205,31081206,rs2233956,Type 1 Diabetes
chr6,32346794,32346795,rs1980495,Type 1 Diabetes
chr6,32384721,32384722,rs9268542,Type 1 Diabetes
chr6,31132085,31132086,rs3130933,Type 1 Diabetes
chr6,32570400,32570401,rs2516049,Type 1 Diabetes
chr6,32404859,32404860,rs2395173,Type 1 Diabetes
chr6,32266506,32266507,rs6906662,Type 1 Diabetes
chr6,32323529,32323530,rs1265758,Type 1 Diabetes
chr6,32273765,32273766,rs6457536,Type 1 Diabetes
chr6,32870057,32870058,rs3101942,Type 1 Diabetes
chr6,32219725,32219726,rs4959089,Type 1 Diabetes
chr6,32706478,32706479,rs7755596,Type 1 Diabetes
chr6,32224388,32224389,rs9268005,Type 1 Diabetes
chr6,31281876,31281877,rs1634747,Type 1 Diabetes
chr6,32725193,32725194,rs2301271,Type 1 Diabetes
chr6,31870326,31870327,rs558702,Type 1 Diabetes
chr6,32605884,32605885,rs2187668,Type 1 Diabetes
chr6,32411523,32411524,rs2239804,Type 1 Diabetes
chr6,31794592,31794593,rs2763979,Type 1 Diabetes
chr6,31536224,31536225,rs2844484,Type 1 Diabetes
chr6,31364707,31364708,rs2251396,Type 1 Diabetes
chr6,32731258,32731259,rs1573649,Type 1 Diabetes
chr6,32797361,32797362,rs241440,Type 1 Diabetes
chr6,28948092,28948093,rs3130837,Type 1 Diabetes
chr6,30344645,30344646,rs3132631,Type 1 Diabetes
chr6,30092707,30092708,rs1419675,Type 1 Diabetes
chr6,32192560,32192561,rs2267644,Type 1 Diabetes
chr6,32376471,32376472,rs3763313,Type 1 Diabetes
chr6,32685865,32685866,rs9275653,Type 1 Diabetes
chr6,32681355,32681356,rs9275595,Type 1 Diabetes
chr6,32363816,32363817,rs2076530,Type 1 Diabetes
chr6,32147761,32147762,rs3134943,Type 1 Diabetes
chr6,31243170,31243171,rs3132486,Type 1 Diabetes
chr6,32245827,32245828,rs3115553,Type 1 Diabetes
chr6,31632134,31632135,rs3130618,Type 1 Diabetes
chr6,32590925,32590926,rs3129763,Type 1 Diabetes
chr6,30231224,30231225,rs3094073,Type 1 Diabetes
chr6,31448533,31448534,rs2248617,Type 1 Diabetes
chr6,32682812,32682813,rs9275602,Type 1 Diabetes
chr6,32811383,32811384,rs6924102,Type 1 Diabetes
chr6,33574413,33574414,rs210120,Type 1 Diabetes
chr6,25428954,25428955,rs722086,Type 1 Diabetes
chr6,90996769,90996770,rs12212193,Type 1 Diabetes
chr6,126764190,126764191,rs9385400,Type 1 Diabetes
chr6,112081938,112081939,rs11964650,Type 1 Diabetes
chr6,433962,433963,rs2048698,Type 1 Diabetes
chr6,74404886,74404887,rs3846755,Type 1 Diabetes
chr6,53507813,53507814,rs6925850,Type 1 Diabetes
chr6,151634126,151634127,rs12664268,Type 1 Diabetes
chr6,57129077,57129078,rs9349851,Type 1 Diabetes
chr6,7143604,7143605,rs482393,Type 1 Diabetes
chr6,90958231,90958232,rs11755527,Type 1 Diabetes
chr6,90957463,90957464,rs3757247,Type 1 Diabetes
chr6,170379025,170379026,rs924043,Type 1 Diabetes
chr7,29331602,29331603,rs2214570,Type 1 Diabetes
chr7,94031805,94031806,rs10255021,Type 1 Diabetes
chr7,26891665,26891666,rs7804356,Type 1 Diabetes
chr7,50477213,50477214,rs10272724,Type 1 Diabetes
chr7,51027194,51027195,rs4948088,Type 1 Diabetes
chr7,119809612,119809613,rs7777091,Type 1 Diabetes
chr7,127557493,127557494,rs10487499,Type 1 Diabetes
chr7,42593722,42593723,rs4560711,Type 1 Diabetes
chr7,99460107,99460108,rs472660,Type 1 Diabetes
chr7,158505638,158505639,rs9801117,Type 1 Diabetes
chr7,18328568,18328569,rs625733,Type 1 Diabetes
chr7,82473388,82473389,rs41332445,Type 1 Diabetes
chr7,28142186,28142187,rs10245867,Type 1 Diabetes
chr7,28229042,28229043,rs550448,Type 1 Diabetes
chr8,134205713,134205714,rs3739262,Type 1 Diabetes
chr8,129085013,129085014,rs2020247,Type 1 Diabetes
chr8,15522245,15522246,rs2729619,Type 1 Diabetes
chr8,72748608,72748609,rs6985839,Type 1 Diabetes
chr8,11726817,11726818,rs1296023,Type 1 Diabetes
chr8,134706662,134706663,rs13262609,Type 1 Diabetes
chr8,16387865,16387866,rs2056679,Type 1 Diabetes
chr8,58449229,58449230,rs2875745,Type 1 Diabetes
chr8,95973604,95973605,rs16893776,Type 1 Diabetes
chr8,119977337,119977338,rs12679857,Type 1 Diabetes
chr9,127010114,127010115,rs4838140,Type 1 Diabetes
chr9,22024351,22024352,rs496892,Type 1 Diabetes
chr9,4291747,4291748,rs7020673,Type 1 Diabetes
chr9,26666571,26666572,rs4978090,Type 1 Diabetes
chr9,6098662,6098663,rs340892,Type 1 Diabetes
chr9,9989624,9989625,rs10978151,Type 1 Diabetes
chr9,14443468,14443469,rs551112,Type 1 Diabetes
chr9,83591485,83591486,rs10512111,Type 1 Diabetes
chr9,4292083,4292084,rs10758593,Type 1 Diabetes
chr10,6099045,6099046,rs2104286,Type 1 Diabetes
chr10,33418872,33418873,rs2666236,Type 1 Diabetes
chr10,130383831,130383832,rs12358786,Type 1 Diabetes
chr10,33426814,33426815,rs2383983,Type 1 Diabetes
chr10,6123495,6123496,rs12251307,Type 1 Diabetes
chr10,90023033,90023034,rs10509540,Type 1 Diabetes
chr10,31379105,31379106,rs2793108,Type 1 Diabetes
chr10,33426147,33426148,rs722988,Type 1 Diabetes
chr10,104232716,104232717,rs3740415,Type 1 Diabetes
chr10,81065201,81065202,rs1250558,Type 1 Diabetes
chr10,26705832,26705833,rs868093,Type 1 Diabetes
chr10,6390450,6390451,rs947474,Type 1 Diabetes
chr10,6097283,6097284,rs12722495,Type 1 Diabetes
chr10,100300182,100300183,rs10786436,Type 1 Diabetes
chr11,6685558,6685559,rs10500664,Type 1 Diabetes
chr11,117358313,117358314,rs4938390,Type 1 Diabetes
chr11,2270241,2270242,rs6578252,Type 1 Diabetes
chr11,7594803,7594804,rs7120154,Type 1 Diabetes
chr11,2193840,2193841,rs10770141,Type 1 Diabetes
chr11,2195981,2195982,rs10743152,Type 1 Diabetes
chr11,2170143,2170144,rs1004446,Type 1 Diabetes
chr11,2190951,2190952,rs6356,Type 1 Diabetes
chr11,2213166,2213167,rs7111341,Type 1 Diabetes
chr11,128604232,128604233,rs605093,Type 1 Diabetes
chr11,95311422,95311423,rs4409785,Type 1 Diabetes
chr11,64097233,64097234,rs694739,Type 1 Diabetes
chr11,47434986,47434987,rs2293576,Type 1 Diabetes
chr11,118112911,118112912,rs11216829,Type 1 Diabetes
chr11,44724339,44724340,rs12420837,Type 1 Diabetes
chr11,35307148,35307149,rs3763888,Type 1 Diabetes
chr11,104388020,104388021,rs1565130,Type 1 Diabetes
chr11,11995359,11995360,rs3812743,Type 1 Diabetes
chr11,2169774,2169775,rs3741208,Type 1 Diabetes
chr11,2182224,2182225,rs689,Type 1 Diabetes
chr11,69596523,69596524,rs4084127,Type 1 Diabetes
chr12,9855958,9855959,rs11052552,Type 1 Diabetes
chr12,56470625,56470626,rs11171739,Type 1 Diabetes
chr12,112486818,112486819,rs17696736,Type 1 Diabetes
chr12,9823140,9823141,rs2114870,Type 1 Diabetes
chr12,56364321,56364322,rs2069408,Type 1 Diabetes
chr12,69697366,69697367,rs11177587,Type 1 Diabetes
chr12,9833628,9833629,rs3764021,Type 1 Diabetes
chr12,112007756,112007757,rs653178,Type 1 Diabetes
chr12,56482180,56482181,rs2292239,Type 1 Diabetes
chr12,112610714,112610715,rs11066188,Type 1 Diabetes
chr12,113168368,113168369,rs4767000,Type 1 Diabetes
chr12,9910164,9910165,rs4763879,Type 1 Diabetes
chr12,12659894,12659895,rs10845563,Type 1 Diabetes
chr12,90987402,90987403,rs2520523,Type 1 Diabetes
chr12,53585859,53585860,rs11170466,Type 1 Diabetes
chr12,110619349,110619350,rs11065340,Type 1 Diabetes
chr12,56412487,56412488,rs1701704,Type 1 Diabetes
chr12,111884608,111884609,rs3184504,Type 1 Diabetes
chr13,23638279,23638280,rs9634385,Type 1 Diabetes
chr13,24301897,24301898,rs4238171,Type 1 Diabetes
chr13,30152140,30152141,rs9579410,Type 1 Diabetes
chr13,100081766,100081767,rs9585056,Type 1 Diabetes
chr13,96204091,96204092,rs723576,Type 1 Diabetes
chr13,76291960,76291961,rs8002635,Type 1 Diabetes
chr13,91667396,91667397,rs4583089,Type 1 Diabetes
chr13,31031884,31031885,rs1360485,Type 1 Diabetes
chr13,96729929,96729930,rs571059,Type 1 Diabetes
chr13,76326282,76326283,rs539514,Type 1 Diabetes
chr14,69263599,69263600,rs1465788,Type 1 Diabetes
chr14,98498951,98498952,rs4900384,Type 1 Diabetes
chr14,101319424,101319425,rs7158663,Type 1 Diabetes
chr14,49574880,49574881,rs10484205,Type 1 Diabetes
chr14,93104072,93104073,rs11627032,Type 1 Diabetes
chr14,22942890,22942891,rs2254272,Type 1 Diabetes
chr14,90202764,90202765,rs10137250,Type 1 Diabetes
chr14,62013894,62013895,rs1111107,Type 1 Diabetes
chr14,101306045,101306046,rs941576,Type 1 Diabetes
chr14,23840033,23840034,rs10137082,Type 1 Diabetes
chr15,87145842,87145843,rs2346733,Type 1 Diabetes
chr15,93218077,93218078,rs285753,Type 1 Diabetes
chr15,79235446,79235447,rs3825932,Type 1 Diabetes
chr15,80265888,80265889,rs1987102,Type 1 Diabetes
chr15,38994113,38994114,rs2172836,Type 1 Diabetes
chr15,99113250,99113251,rs7177799,Type 1 Diabetes
chr15,38838264,38838265,rs8035957,Type 1 Diabetes
chr15,38907041,38907042,rs7171171,Type 1 Diabetes
chr16,11179873,11179874,rs12708716,Type 1 Diabetes
chr16,11207894,11207895,rs9746695,Type 1 Diabetes
chr16,89596106,89596107,rs3803676,Type 1 Diabetes
chr16,11072459,11072460,rs12708713,Type 1 Diabetes
chr16,11042194,11042195,rs12931878,Type 1 Diabetes
chr16,11061997,11061998,rs12923849,Type 1 Diabetes
chr16,11174652,11174653,rs2041670,Type 1 Diabetes
chr16,11169683,11169684,rs725613,Type 1 Diabetes
chr16,11062936,11062937,rs17229044,Type 1 Diabetes
chr16,11187783,11187784,rs12924729,Type 1 Diabetes
chr16,11201428,11201429,rs9933507,Type 1 Diabetes
chr16,11088808,11088809,rs13330041,Type 1 Diabetes
chr16,11238783,11238784,rs2903692,Type 1 Diabetes
chr16,11199678,11199679,rs998592,Type 1 Diabetes
chr16,11177801,11177802,rs7200786,Type 1 Diabetes
chr16,11189888,11189889,rs12599402,Type 1 Diabetes
chr16,11203730,11203731,rs12103174,Type 1 Diabetes
chr16,11241906,11241907,rs17673553,Type 1 Diabetes
chr16,11092319,11092320,rs8062322,Type 1 Diabetes
chr16,75247245,75247246,rs7202877,Type 1 Diabetes
chr16,28549508,28549509,rs151227,Type 1 Diabetes
chr16,20343091,20343092,rs4238595,Type 1 Diabetes
chr16,23017330,23017331,rs2369534,Type 1 Diabetes
chr16,84476224,84476225,rs2288581,Type 1 Diabetes
chr16,11364079,11364080,rs416603,Type 1 Diabetes
chr16,28539848,28539849,rs4788084,Type 1 Diabetes
chr17,38770286,38770287,rs7221109,Type 1 Diabetes
chr17,38066267,38066268,rs1008723,Type 1 Diabetes
chr17,46042327,46042328,rs2525109,Type 1 Diabetes
chr17,7633692,7633693,rs16956936,Type 1 Diabetes
chr17,44180954,44180955,rs17660595,Type 1 Diabetes
chr17,1006446,1006447,rs2258130,Type 1 Diabetes
chr17,4278835,4278836,rs9906760,Type 1 Diabetes
chr17,43516402,43516403,rs17631303,Type 1 Diabetes
chr17,66123432,66123433,rs8064704,Type 1 Diabetes
chr17,40554849,40554850,rs9252,Type 1 Diabetes
chr17,71167102,71167103,rs7210080,Type 1 Diabetes
chr17,38040763,38040764,rs2872507,Type 1 Diabetes
chr18,12779947,12779948,rs2542151,Type 1 Diabetes
chr18,42309786,42309787,rs12958322,Type 1 Diabetes
chr18,12809340,12809341,rs1893217,Type 1 Diabetes
chr18,67524973,67524974,rs12604328,Type 1 Diabetes
chr18,72515839,72515840,rs768759,Type 1 Diabetes
chr18,46453463,46453464,rs4939827,Type 1 Diabetes
chr18,22653562,22653563,rs11876226,Type 1 Diabetes
chr18,71486616,71486617,rs2344173,Type 1 Diabetes
chr18,73063214,73063215,rs11878171,Type 1 Diabetes
chr18,67531642,67531643,rs763361,Type 1 Diabetes
chr19,499978,499979,rs12982646,Type 1 Diabetes
chr19,47208481,47208482,rs425105,Type 1 Diabetes
chr19,3446107,3446108,rs11085020,Type 1 Diabetes
chr19,49233406,49233407,rs281408,Type 1 Diabetes
chr19,10577843,10577844,rs1051738,Type 1 Diabetes
chr19,18533642,18533643,rs7258465,Type 1 Diabetes
chr19,10475652,10475653,rs2304256,Type 1 Diabetes
chr20,6166488,6166489,rs6133296,Type 1 Diabetes
chr20,1610551,1610552,rs2281808,Type 1 Diabetes
chr20,42537771,42537772,rs6073248,Type 1 Diabetes
chr20,9405059,9405060,rs11087845,Type 1 Diabetes
chr21,43836186,43836187,rs11203203,Type 1 Diabetes
chr21,43125561,43125562,rs11203151,Type 1 Diabetes
chr21,45755360,45755361,rs2236441,Type 1 Diabetes
chr21,43836390,43836391,rs9976767,Type 1 Diabetes
chr21,43841328,43841329,rs3788013,Type 1 Diabetes
chr22,37544810,37544811,rs3218253,Type 1 Diabetes
chr22,30581722,30581723,rs5753037,Type 1 Diabetes
chr22,37591318,37591319,rs229541,Type 1 Diabetes
chr22,37551607,37551608,rs743777,Type 1 Diabetes
chrX,12971524,12971525,rs5979785,Type 1 Diabetes
chrX,91452896,91452897,rs5942150,Type 1 Diabetes
chrX,19558891,19558892,rs5955813,Type 1 Diabetes
chrX,153945602,153945603,rs2664170,Type 1 Diabetes
chrX,143748641,143748642,rs9698796,Type 1 Diabetes
chrX,122894834,122894835,rs5910038,Type 1 Diabetes
chr1,120498250,120498251,rs10127888,Type 2 Diabetes
chr1,120523902,120523903,rs2793831,Type 2 Diabetes
chr1,120517959,120517960,rs10923931,Type 2 Diabetes
chr1,120506108,120506109,rs2934381,Type 2 Diabetes
chr1,120456563,120456564,rs835575,Type 2 Diabetes
chr1,120508524,120508525,rs2453044,Type 2 Diabetes
chr1,20984554,20984555,rs640742,Type 2 Diabetes
chr1,30063197,30063198,rs1932397,Type 2 Diabetes
chr1,30077101,30077102,rs9286938,Type 2 Diabetes
chr1,111069611,111069612,rs17025978,Type 2 Diabetes
chr1,159815642,159815643,rs2501354,Type 2 Diabetes
chr1,66558759,66558760,rs4655595,Type 2 Diabetes
chr1,223309213,223309214,rs1341987,Type 2 Diabetes
chr1,49221303,49221304,rs12086219,Type 2 Diabetes
chr1,74264128,74264129,rs1340430,Type 2 Diabetes
chr1,209590546,209590547,rs6691406,Type 2 Diabetes
chr1,121286203,121286204,rs11249431,Type 2 Diabetes
chr1,237536584,237536585,rs6670163,Type 2 Diabetes
chr1,95324784,95324785,rs859101,Type 2 Diabetes
chr1,7569602,7569603,rs1193179,Type 2 Diabetes
chr1,55434443,55434444,rs2317948,Type 2 Diabetes
chr1,121280613,121280614,rs11249433,Type 2 Diabetes
chr1,231090578,231090579,rs6541240,Type 2 Diabetes
chr1,219654392,219654393,rs2605110,Type 2 Diabetes
chr1,104706506,104706507,rs1932465,Type 2 Diabetes
chr1,72992580,72992581,rs1775368,Type 2 Diabetes
chr1,30086662,30086663,rs10798895,Type 2 Diabetes
chr1,105113849,105113850,rs7552405,Type 2 Diabetes
chr1,105112356,105112357,rs2166890,Type 2 Diabetes
chr1,105106498,105106499,rs7553985,Type 2 Diabetes
chr1,154698817,154698818,rs3738028,Type 2 Diabetes
chr1,207652176,207652177,rs17045328,Type 2 Diabetes
chr1,233340154,233340155,rs12027542,Type 2 Diabetes
chr1,228880115,228880116,rs6426514,Type 2 Diabetes
chr1,92194322,92194323,rs11165354,Type 2 Diabetes
chr2,164047646,164047647,rs41423844,Type 2 Diabetes
chr2,164041305,164041306,rs12465028,Type 2 Diabetes
chr2,164068919,164068920,rs6730724,Type 2 Diabetes
chr2,163993331,163993332,rs4462794,Type 2 Diabetes
chr2,163895823,163895824,rs10178838,Type 2 Diabetes
chr2,163992253,163992254,rs4575739,Type 2 Diabetes
chr2,163943612,163943613,rs12468570,Type 2 Diabetes
chr2,28799775,28799776,rs2338545,Type 2 Diabetes
chr2,161214175,161214176,rs6718526,Type 2 Diabetes
chr2,60546132,60546133,rs9309324,Type 2 Diabetes
chr2,189175905,189175906,rs11688935,Type 2 Diabetes
chr2,206039045,206039046,rs17248501,Type 2 Diabetes
chr2,30872064,30872065,rs7583600,Type 2 Diabetes
chr2,161144055,161144056,rs1020731,Type 2 Diabetes
chr2,206039704,206039705,rs7587983,Type 2 Diabetes
chr2,136825272,136825273,rs932206,Type 2 Diabetes
chr2,105837598,105837599,rs6712932,Type 2 Diabetes
chr2,192992323,192992324,rs10497723,Type 2 Diabetes
chr2,189551707,189551708,rs10497681,Type 2 Diabetes
chr2,104714865,104714866,rs2889277,Type 2 Diabetes
chr2,207928063,207928064,rs10490478,Type 2 Diabetes
chr2,55066310,55066311,rs10173697,Type 2 Diabetes
chr2,40649084,40649085,rs13414307,Type 2 Diabetes
chr2,123818973,123818974,rs1395931,Type 2 Diabetes
chr2,134702078,134702079,rs930621,Type 2 Diabetes
chr2,48017768,48017769,rs3136279,Type 2 Diabetes
chr2,134657740,134657741,rs1446732,Type 2 Diabetes
chr2,43732823,43732824,rs7578597,Type 2 Diabetes
chr2,192377594,192377595,rs10497719,Type 2 Diabetes
chr2,192914362,192914363,rs10497721,Type 2 Diabetes
chr2,227093745,227093746,rs2943641,Type 2 Diabetes
chr2,161171454,161171455,rs7593730,Type 2 Diabetes
chr2,60584819,60584820,rs243021,Type 2 Diabetes
chr2,227020653,227020654,rs7578326,Type 2 Diabetes
chr2,165750390,165750391,rs13424957,Type 2 Diabetes
chr2,3841420,3841421,rs11677370,Type 2 Diabetes
chr2,165501849,165501850,rs3923113,Type 2 Diabetes
chr2,135479980,135479981,rs6723108,Type 2 Diabetes
chr2,230522398,230522399,rs1861612,Type 2 Diabetes
chr3,163662721,163662722,rs7619158,Type 2 Diabetes
chr3,162899930,162899931,rs16845642,Type 2 Diabetes
chr3,162971818,162971819,rs16846689,Type 2 Diabetes
chr3,163715862,163715863,rs6780079,Type 2 Diabetes
chr3,36348968,36348969,rs11706900,Type 2 Diabetes
chr3,141134818,141134819,rs16851397,Type 2 Diabetes
chr3,30308759,30308760,rs9870410,Type 2 Diabetes
chr3,34462869,34462870,rs11714343,Type 2 Diabetes
chr3,62000317,62000318,rs739984,Type 2 Diabetes
chr3,132942753,132942754,rs13072106,Type 2 Diabetes
chr3,135060057,135060058,rs823968,Type 2 Diabetes
chr3,185112659,185112660,rs4687299,Type 2 Diabetes
chr3,55313400,55313401,rs358806,Type 2 Diabetes
chr3,153040824,153040825,rs10513440,Type 2 Diabetes
chr3,11291171,11291172,rs440646,Type 2 Diabetes
chr3,132981813,132981814,rs769097,Type 2 Diabetes
chr3,148550124,148550125,rs16861027,Type 2 Diabetes
chr3,45834811,45834812,rs13064991,Type 2 Diabetes
chr3,1478453,1478454,rs1037386,Type 2 Diabetes
chr3,162022959,162022960,rs7651936,Type 2 Diabetes
chr3,16428481,16428482,rs12629276,Type 2 Diabetes
chr3,164297552,164297553,rs9290240,Type 2 Diabetes
chr3,100772835,100772836,rs10511182,Type 2 Diabetes
chr3,76121506,76121507,rs1489092,Type 2 Diabetes
chr3,31435577,31435578,rs931567,Type 2 Diabetes
chr3,185511687,185511688,rs4402960,Type 2 Diabetes
chr3,12393125,12393126,rs1801282,Type 2 Diabetes
chr3,143962410,143962411,rs9289674,Type 2 Diabetes
chr3,24351642,24351643,rs10510543,Type 2 Diabetes
chr3,17276149,17276150,rs2733500,Type 2 Diabetes
chr3,161020136,161020137,rs9290075,Type 2 Diabetes
chr3,195577630,195577631,rs9858622,Type 2 Diabetes
chr3,145542558,145542559,rs7630694,Type 2 Diabetes
chr3,89241280,89241281,rs12486049,Type 2 Diabetes
chr3,185530290,185530291,rs6769511,Type 2 Diabetes
chr3,64711904,64711905,rs4607103,Type 2 Diabetes
chr3,12277845,12277846,rs17036101,Type 2 Diabetes
chr3,71590347,71590348,rs830604,Type 2 Diabetes
chr3,67190909,67190910,rs2195499,Type 2 Diabetes
chr3,12289800,12289801,rs13081389,Type 2 Diabetes
chr3,185529080,185529081,rs1470579,Type 2 Diabetes
chr3,179661318,179661319,rs7630877,Type 2 Diabetes
chr3,142431000,142431001,rs3773506,Type 2 Diabetes
chr3,102203045,102203046,rs2063640,Type 2 Diabetes
chr3,185531661,185531662,rs1374910,Type 2 Diabetes
chr3,186666461,186666462,rs16861329,Type 2 Diabetes
chr3,64048297,64048298,rs831571,Type 2 Diabetes
chr3,123065778,123065779,rs11708067,Type 2 Diabetes
chr3,23198484,23198485,rs6780569,Type 2 Diabetes
chr4,65458162,65458163,rs10023799,Type 2 Diabetes
chr4,65474399,65474400,rs41523544,Type 2 Diabetes
chr4,95755436,95755437,rs17428564,Type 2 Diabetes
chr4,7738369,7738370,rs886374,Type 2 Diabetes
chr4,42453303,42453304,rs13139219,Type 2 Diabetes
chr4,122665514,122665515,rs7659604,Type 2 Diabetes
chr4,122663430,122663431,rs6815973,Type 2 Diabetes
chr4,161381482,161381483,rs1371251,Type 2 Diabetes
chr4,178019148,178019149,rs6846031,Type 2 Diabetes
chr4,17447699,17447700,rs1852749,Type 2 Diabetes
chr4,59502687,59502688,rs282705,Type 2 Diabetes
chr4,153069783,153069784,rs6823091,Type 2 Diabetes
chr4,99504235,99504236,rs2866016,Type 2 Diabetes
chr4,125555024,125555025,rs1498024,Type 2 Diabetes
chr4,125594268,125594269,rs10518442,Type 2 Diabetes
chr4,164325064,164325065,rs1441716,Type 2 Diabetes
chr4,140082553,140082554,rs10033117,Type 2 Diabetes
chr4,82053063,82053064,rs980720,Type 2 Diabetes
chr4,6270056,6270057,rs4689388,Type 2 Diabetes
chr4,6303022,6303023,rs1801214,Type 2 Diabetes
chr4,164532801,164532802,rs3792615,Type 2 Diabetes
chr4,1309901,1309902,rs6815464,Type 2 Diabetes
chr4,46968050,46968051,rs2055942,Type 2 Diabetes
chr5,163143017,163143018,rs501869,Type 2 Diabetes
chr5,106091211,106091212,rs7734840,Type 2 Diabetes
chr5,17183851,17183852,rs638191,Type 2 Diabetes
chr5,66317265,66317266,rs1030231,Type 2 Diabetes
chr5,142259083,142259084,rs27779,Type 2 Diabetes
chr5,72703541,72703542,rs4292434,Type 2 Diabetes
chr5,122462587,122462588,rs6872465,Type 2 Diabetes
chr5,153584363,153584364,rs4958711,Type 2 Diabetes
chr5,65830624,65830625,rs4583845,Type 2 Diabetes
chr5,144267106,144267107,rs7712842,Type 2 Diabetes
chr5,144314363,144314364,rs6894954,Type 2 Diabetes
chr5,114942711,114942712,rs256962,Type 2 Diabetes
chr5,25325937,25325938,rs10520926,Type 2 Diabetes
chr5,76551010,76551011,rs4704400,Type 2 Diabetes
chr5,89546109,89546110,rs12518099,Type 2 Diabetes
chr5,76424949,76424950,rs4457053,Type 2 Diabetes
chr5,155394230,155394231,rs17053082,Type 2 Diabetes
chr5,56104308,56104309,rs10461617,Type 2 Diabetes
chr6,32315727,32315728,rs910049,Type 2 Diabetes
chr6,32574060,32574061,rs9270986,Type 2 Diabetes
chr6,32313097,32313098,rs4959093,Type 2 Diabetes
chr6,32288462,32288463,rs539703,Type 2 Diabetes
chr6,32305690,32305691,rs926591,Type 2 Diabetes
chr6,32305979,32305980,rs3129900,Type 2 Diabetes
chr6,32336187,32336188,rs3129934,Type 2 Diabetes
chr6,32298942,32298943,rs3132959,Type 2 Diabetes
chr6,32325835,32325836,rs2894249,Type 2 Diabetes
chr6,32217367,32217368,rs3130311,Type 2 Diabetes
chr6,32273158,32273159,rs544358,Type 2 Diabetes
chr6,32217185,32217186,rs9267971,Type 2 Diabetes
chr6,32336127,32336128,rs3129932,Type 2 Diabetes
chr6,152522812,152522813,rs2673776,Type 2 Diabetes
chr6,20717255,20717256,rs9465871,Type 2 Diabetes
chr6,55218271,55218272,rs7452656,Type 2 Diabetes
chr6,2452024,2452025,rs9391949,Type 2 Diabetes
chr6,107433400,107433401,rs1665901,Type 2 Diabetes
chr6,8999646,8999647,rs2327112,Type 2 Diabetes
chr6,135757022,135757023,rs1535435,Type 2 Diabetes
chr6,135851573,135851574,rs9494266,Type 2 Diabetes
chr6,20661034,20661035,rs10946398,Type 2 Diabetes
chr6,20663632,20663633,rs9460546,Type 2 Diabetes
chr6,20725240,20725241,rs7767391,Type 2 Diabetes
chr6,9401979,9401980,rs214447,Type 2 Diabetes
chr6,41083352,41083353,rs10456499,Type 2 Diabetes
chr6,20666055,20666056,rs7752906,Type 2 Diabetes
chr6,150368264,150368265,rs11155700,Type 2 Diabetes
chr6,20685486,20685487,rs9356744,Type 2 Diabetes
chr6,150368963,150368964,rs12213837,Type 2 Diabetes
chr6,20679310,20679311,rs1569699,Type 2 Diabetes
chr6,20686996,20686997,rs9368222,Type 2 Diabetes
chr6,132380668,132380669,rs9483377,Type 2 Diabetes
chr6,31448315,31448316,rs2516424,Type 2 Diabetes
chr6,20688121,20688122,rs10440833,Type 2 Diabetes
chr6,7026277,7026278,rs12201780,Type 2 Diabetes
chr6,20703952,20703953,rs6931514,Type 2 Diabetes
chr6,20683164,20683165,rs9350271,Type 2 Diabetes
chr6,164515936,164515937,rs10085202,Type 2 Diabetes
chr6,70105187,70105188,rs10485249,Type 2 Diabetes
chr6,75342363,75342364,rs2502497,Type 2 Diabetes
chr6,20657865,20657866,rs4712524,Type 2 Diabetes
chr6,43811762,43811763,rs9472138,Type 2 Diabetes
chr6,20657564,20657565,rs4712523,Type 2 Diabetes
chr6,140273647,140273648,rs642858,Type 2 Diabetes
chr6,71289189,71289190,rs1048886,Type 2 Diabetes
chr6,20652717,20652718,rs9295474,Type 2 Diabetes
chr6,39284050,39284051,rs1535500,Type 2 Diabetes
chr6,38106844,38106845,rs9470794,Type 2 Diabetes
chr6,20686573,20686574,rs7766070,Type 2 Diabetes
chr6,32685550,32685551,rs3916765,Type 2 Diabetes
chr6,20661250,20661251,rs7754840,Type 2 Diabetes
chr6,35322763,35322764,rs7744392,Type 2 Diabetes
chr7,34814332,34814333,rs324978,Type 2 Diabetes
chr7,18391871,18391872,rs615545,Type 2 Diabetes
chr7,122774729,122774730,rs2470984,Type 2 Diabetes
chr7,139359087,139359088,rs10954654,Type 2 Diabetes
chr7,140769459,140769460,rs528957,Type 2 Diabetes
chr7,140779740,140779741,rs557962,Type 2 Diabetes
chr7,8540295,8540296,rs757705,Type 2 Diabetes
chr7,50726144,50726145,rs2237457,Type 2 Diabetes
chr7,28180556,28180557,rs864745,Type 2 Diabetes
chr7,109375034,109375035,rs711517,Type 2 Diabetes
chr7,130466854,130466855,rs972283,Type 2 Diabetes
chr7,28196222,28196223,rs849134,Type 2 Diabetes
chr7,100490077,100490078,rs7636,Type 2 Diabetes
chr7,127164958,127164959,rs6467136,Type 2 Diabetes
chr7,16889812,16889813,rs1525739,Type 2 Diabetes
chr7,127246903,127246904,rs10229583,Type 2 Diabetes
chr7,127862802,127862803,rs791595,Type 2 Diabetes
chr8,109576387,109576388,rs7831079,Type 2 Diabetes
chr8,88007114,88007115,rs1852027,Type 2 Diabetes
chr8,142388255,142388256,rs7839244,Type 2 Diabetes
chr8,15702415,15702416,rs2736010,Type 2 Diabetes
chr8,98364203,98364204,rs2679765,Type 2 Diabetes
chr8,20204044,20204045,rs10503677,Type 2 Diabetes
chr8,118184783,118184784,rs13266634,Type 2 Diabetes
chr8,120197015,120197016,rs2432961,Type 2 Diabetes
chr8,120183109,120183110,rs1549415,Type 2 Diabetes
chr8,120169638,120169639,rs2468168,Type 2 Diabetes
chr8,68778176,68778177,rs7010672,Type 2 Diabetes
chr8,128293466,128293467,rs185852,Type 2 Diabetes
chr8,124127595,124127596,rs952656,Type 2 Diabetes
chr8,118185025,118185026,rs3802177,Type 2 Diabetes
chr8,95960511,95960512,rs896854,Type 2 Diabetes
chr8,134196849,134196850,rs4527850,Type 2 Diabetes
chr9,22134094,22134095,rs10811661,Type 2 Diabetes
chr9,16992325,16992326,rs10733336,Type 2 Diabetes
chr9,90801773,90801774,rs7019589,Type 2 Diabetes
chr9,138365495,138365496,rs2590504,Type 2 Diabetes
chr9,117502242,117502243,rs2185935,Type 2 Diabetes
chr9,139616742,139616743,rs945384,Type 2 Diabetes
chr9,79888396,79888397,rs2050831,Type 2 Diabetes
chr9,111548104,111548105,rs10120268,Type 2 Diabetes
chr9,22029547,22029548,rs564398,Type 2 Diabetes
chr9,117522580,117522581,rs10817674,Type 2 Diabetes
chr9,22132076,22132077,rs2383208,Type 2 Diabetes
chr9,107474463,107474464,rs10512332,Type 2 Diabetes
chr9,14422276,14422277,rs7846762,Type 2 Diabetes
chr9,14422035,14422036,rs7875762,Type 2 Diabetes
chr9,18758205,18758206,rs2164000,Type 2 Diabetes
chr9,129414929,129414930,rs3814120,Type 2 Diabetes
chr9,93085382,93085383,rs10993008,Type 2 Diabetes
chr9,98430574,98430575,rs4743148,Type 2 Diabetes
chr9,22129579,22129580,rs7020996,Type 2 Diabetes
chr9,87847392,87847393,rs766348,Type 2 Diabetes
chr9,8879118,8879119,rs17584499,Type 2 Diabetes
chr9,81952128,81952129,rs13292136,Type 2 Diabetes
chr9,22133284,22133285,rs10965250,Type 2 Diabetes
chr9,10430602,10430603,rs649891,Type 2 Diabetes
chr9,22136489,22136490,rs1333051,Type 2 Diabetes
chr9,4287466,4287467,rs7041847,Type 2 Diabetes
chr9,4293150,4293151,rs10814916,Type 2 Diabetes
chr9,113419759,113419760,rs10980508,Type 2 Diabetes
chr9,139252148,139252149,rs11787792,Type 2 Diabetes
chr10,114788815,114788816,rs12243326,Type 2 Diabetes
chr10,114756041,114756042,rs4506565,Type 2 Diabetes
chr10,114767771,114767772,rs4132670,Type 2 Diabetes
chr10,114754088,114754089,rs7901695,Type 2 Diabetes
chr10,114758349,114758350,rs7903146,Type 2 Diabetes
chr10,114808902,114808903,rs12255372,Type 2 Diabetes
chr10,44068558,44068559,rs9326506,Type 2 Diabetes
chr10,7741956,7741957,rs7474871,Type 2 Diabetes
chr10,53799265,53799266,rs11000542,Type 2 Diabetes
chr10,130587426,130587427,rs10829494,Type 2 Diabetes
chr10,104076231,104076232,rs17780667,Type 2 Diabetes
chr10,81915136,81915137,rs2789686,Type 2 Diabetes
chr10,114808072,114808073,rs10885409,Type 2 Diabetes
chr10,114915214,114915215,rs290483,Type 2 Diabetes
chr10,114821807,114821808,rs4918789,Type 2 Diabetes
chr10,94481917,94481918,rs7923837,Type 2 Diabetes
chr10,114796048,114796049,rs7100927,Type 2 Diabetes
chr10,114793823,114793824,rs7900150,Type 2 Diabetes
chr10,71312023,71312024,rs10823406,Type 2 Diabetes
chr10,114773927,114773928,rs7904519,Type 2 Diabetes
chr10,94462882,94462883,rs1111875,Type 2 Diabetes
chr10,134049333,134049334,rs7910485,Type 2 Diabetes
chr10,94477219,94477220,rs10748582,Type 2 Diabetes
chr10,101953705,101953706,rs11597086,Type 2 Diabetes
chr10,94465559,94465560,rs5015480,Type 2 Diabetes
chr10,104115395,104115396,rs3802678,Type 2 Diabetes
chr10,100406283,100406284,rs1159006,Type 2 Diabetes
chr10,97232268,97232269,rs1536558,Type 2 Diabetes
chr10,94311815,94311816,rs2421943,Type 2 Diabetes
chr10,118620996,118620997,rs2170862,Type 2 Diabetes
chr10,118890693,118890694,rs10787760,Type 2 Diabetes
chr10,94382950,94382951,rs7914814,Type 2 Diabetes
chr10,94398118,94398119,rs6583830,Type 2 Diabetes
chr10,94495753,94495754,rs947591,Type 2 Diabetes
chr10,94347830,94347831,rs6583826,Type 2 Diabetes
chr10,94374377,94374378,rs10882091,Type 2 Diabetes
chr10,65672242,65672243,rs10509201,Type 2 Diabetes
chr10,65625814,65625815,rs10509199,Type 2 Diabetes
chr10,65670795,65670796,rs1916412,Type 2 Diabetes
chr10,65523366,65523367,rs10509195,Type 2 Diabetes
chr10,71704656,71704657,rs4082516,Type 2 Diabetes
chr10,65670833,65670834,rs1916411,Type 2 Diabetes
chr10,12328010,12328011,rs12779790,Type 2 Diabetes
chr10,99637578,99637579,rs531676,Type 2 Diabetes
chr10,12314997,12314998,rs10906115,Type 2 Diabetes
chr10,132947962,132947963,rs10741243,Type 2 Diabetes
chr10,70931474,70931475,rs1802295,Type 2 Diabetes
chr10,12307894,12307895,rs11257655,Type 2 Diabetes
chr10,121149403,121149404,rs10886471,Type 2 Diabetes
chr11,105096976,105096977,rs11226667,Type 2 Diabetes
chr11,41902777,41902778,rs12273344,Type 2 Diabetes
chr11,41915366,41915367,rs9300039,Type 2 Diabetes
chr11,41966359,41966360,rs10501281,Type 2 Diabetes
chr11,94894963,94894964,rs11021059,Type 2 Diabetes
chr11,119816766,119816767,rs657317,Type 2 Diabetes
chr11,44280090,44280091,rs729287,Type 2 Diabetes
chr11,44291484,44291485,rs7949067,Type 2 Diabetes
chr11,44257802,44257803,rs3740878,Type 2 Diabetes
chr11,5010905,5010906,rs2499953,Type 2 Diabetes
chr11,126528035,126528036,rs7950175,Type 2 Diabetes
chr11,44253403,44253404,rs1113132,Type 2 Diabetes
chr11,44255614,44255615,rs11037909,Type 2 Diabetes
chr11,42246718,42246719,rs7480010,Type 2 Diabetes
chr11,17408630,17408631,rs5215,Type 2 Diabetes
chr11,114038866,114038867,rs672849,Type 2 Diabetes
chr11,122051699,122051700,rs516415,Type 2 Diabetes
chr11,114039225,114039226,rs686989,Type 2 Diabetes
chr11,23982573,23982574,rs1879230,Type 2 Diabetes
chr11,106936689,106936690,rs1455593,Type 2 Diabetes
chr11,2858546,2858547,rs2237897,Type 2 Diabetes
chr11,17409572,17409573,rs5219,Type 2 Diabetes
chr11,2839751,2839752,rs2237892,Type 2 Diabetes
chr11,65371604,65371605,rs1151488,Type 2 Diabetes
chr11,2857194,2857195,rs2237895,Type 2 Diabetes
chr11,72433098,72433099,rs1552224,Type 2 Diabetes
chr11,92673828,92673829,rs1387153,Type 2 Diabetes
chr11,2691471,2691472,rs231362,Type 2 Diabetes
chr11,2844216,2844217,rs163182,Type 2 Diabetes
chr11,2831541,2831542,rs8181588,Type 2 Diabetes
chr12,109109281,109109282,rs3825253,Type 2 Diabetes
chr12,118519441,118519442,rs4767658,Type 2 Diabetes
chr12,120000413,120000414,rs1918416,Type 2 Diabetes
chr12,51357542,51357543,rs12304921,Type 2 Diabetes
chr12,71577101,71577102,rs1495377,Type 2 Diabetes
chr12,18575554,18575555,rs12581163,Type 2 Diabetes
chr12,51326702,51326703,rs17125088,Type 2 Diabetes
chr12,71408690,71408691,rs11178531,Type 2 Diabetes
chr12,12656820,12656821,rs16908188,Type 2 Diabetes
chr12,92534370,92534371,rs35666,Type 2 Diabetes
chr12,71663102,71663103,rs7961581,Type 2 Diabetes
chr12,71522397,71522398,rs10506625,Type 2 Diabetes
chr12,71566754,71566755,rs7972188,Type 2 Diabetes
chr12,68341738,68341739,rs10492202,Type 2 Diabetes
chr12,19012463,19012464,rs1388090,Type 2 Diabetes
chr12,33482212,33482213,rs1905421,Type 2 Diabetes
chr12,55098996,55098997,rs1153188,Type 2 Diabetes
chr12,93155535,93155536,rs1504907,Type 2 Diabetes
chr12,66174894,66174895,rs1531343,Type 2 Diabetes
chr12,71634794,71634795,rs4760790,Type 2 Diabetes
chr12,121460686,121460687,rs7957197,Type 2 Diabetes
chr12,121402932,121402933,rs7305618,Type 2 Diabetes
chr13,69766019,69766020,rs17660169,Type 2 Diabetes
chr13,81836027,81836028,rs1287526,Type 2 Diabetes
chr13,82446913,82446914,rs9545903,Type 2 Diabetes
chr13,73090990,73090991,rs4053550,Type 2 Diabetes
chr13,77416504,77416505,rs2876711,Type 2 Diabetes
chr13,27739643,27739644,rs7998347,Type 2 Diabetes
chr13,27737031,27737032,rs7984685,Type 2 Diabetes
chr13,27680564,27680565,rs565707,Type 2 Diabetes
chr13,88484867,88484868,rs953759,Type 2 Diabetes
chr13,80717156,80717157,rs1359790,Type 2 Diabetes
chr13,23864657,23864658,rs9552911,Type 2 Diabetes
chr14,75781361,75781362,rs7149377,Type 2 Diabetes
chr14,75780080,75780081,rs11621202,Type 2 Diabetes
chr14,30012665,30012666,rs1211216,Type 2 Diabetes
chr14,39077398,39077399,rs11849174,Type 2 Diabetes
chr14,39095567,39095568,rs1449720,Type 2 Diabetes
chr14,101350298,101350299,rs3825569,Type 2 Diabetes
chr14,84017138,84017139,rs1007383,Type 2 Diabetes
chr14,99012062,99012063,rs8012854,Type 2 Diabetes
chr14,99216959,99216960,rs4343209,Type 2 Diabetes
chr14,65739905,65739906,rs1256526,Type 2 Diabetes
chr14,65735684,65735685,rs1256517,Type 2 Diabetes
chr14,82773840,82773841,rs2066041,Type 2 Diabetes
chr14,82830219,82830220,rs10483957,Type 2 Diabetes
chr14,101142890,101142891,rs730570,Type 2 Diabetes
chr15,74604834,74604835,rs2930291,Type 2 Diabetes
chr15,80413384,80413385,rs2903265,Type 2 Diabetes
chr15,91521337,91521338,rs8042680,Type 2 Diabetes
chr15,80432222,80432223,rs11634397,Type 2 Diabetes
chr15,62396389,62396390,rs7172432,Type 2 Diabetes
chr15,62404382,62404383,rs1436955,Type 2 Diabetes
chr15,77777632,77777633,rs7119,Type 2 Diabetes
chr15,62414014,62414015,rs1436953,Type 2 Diabetes
chr15,90374257,90374258,rs2028299,Type 2 Diabetes
chr15,77747190,77747191,rs7178572,Type 2 Diabetes
chr15,38822905,38822906,rs7403531,Type 2 Diabetes
chr16,76028137,76028138,rs16943756,Type 2 Diabetes
chr16,76028864,76028865,rs16943764,Type 2 Diabetes
chr16,76028759,76028760,rs16943759,Type 2 Diabetes
chr16,76029172,76029173,rs11647358,Type 2 Diabetes
chr16,13621435,13621436,rs10521095,Type 2 Diabetes
chr16,53810686,53810687,rs7193144,Type 2 Diabetes
chr16,53820527,53820528,rs9939609,Type 2 Diabetes
chr16,9380708,9380709,rs2099106,Type 2 Diabetes
chr16,55218862,55218863,rs2589001,Type 2 Diabetes
chr16,53816275,53816276,rs8050136,Type 2 Diabetes
chr16,17344723,17344724,rs10500398,Type 2 Diabetes
chr16,24389861,24389862,rs11644596,Type 2 Diabetes
chr16,22797852,22797853,rs724466,Type 2 Diabetes
chr16,86567492,86567493,rs3751797,Type 2 Diabetes
chr16,53845487,53845488,rs11642841,Type 2 Diabetes
chr16,81489373,81489374,rs16955379,Type 2 Diabetes
chr16,79406918,79406919,rs17797882,Type 2 Diabetes
chr16,57563671,57563672,rs8052123,Type 2 Diabetes
chr16,24810681,24810682,rs17177078,Type 2 Diabetes
chr17,32300618,32300619,rs902558,Type 2 Diabetes
chr17,32307532,32307533,rs2785061,Type 2 Diabetes
chr17,64663285,64663286,rs7207345,Type 2 Diabetes
chr17,7310473,7310474,rs11078674,Type 2 Diabetes
chr17,68990369,68990370,rs1005316,Type 2 Diabetes
chr17,42033043,42033044,rs231461,Type 2 Diabetes
chr17,68647821,68647822,rs2191113,Type 2 Diabetes
chr17,68606316,68606317,rs1860316,Type 2 Diabetes
chr17,68621193,68621194,rs1981647,Type 2 Diabetes
chr17,68661880,68661881,rs9890889,Type 2 Diabetes
chr17,68637507,68637508,rs1843622,Type 2 Diabetes
chr17,20139090,20139091,rs2158473,Type 2 Diabetes
chr17,20206645,20206646,rs1373147,Type 2 Diabetes
chr17,20115315,20115316,rs2703813,Type 2 Diabetes
chr17,2216258,2216259,rs391300,Type 2 Diabetes
chr17,36098040,36098041,rs4430796,Type 2 Diabetes
chr17,700020,700021,rs623323,Type 2 Diabetes
chr17,6940393,6940394,rs312457,Type 2 Diabetes
chr18,25503620,25503621,rs9807662,Type 2 Diabetes
chr18,10807962,10807963,rs7237226,Type 2 Diabetes
chr18,10811476,10811477,rs8095854,Type 2 Diabetes
chr18,6159280,6159281,rs664356,Type 2 Diabetes
chr18,42485524,42485525,rs616444,Type 2 Diabetes
chr18,64186503,64186504,rs508987,Type 2 Diabetes
chr18,77455690,77455691,rs70198,Type 2 Diabetes
chr18,5659096,5659097,rs1941011,Type 2 Diabetes
chr18,42799809,42799810,rs10502860,Type 2 Diabetes
chr18,65314102,65314103,rs7237209,Type 2 Diabetes
chr18,43044432,43044433,rs2542995,Type 2 Diabetes
chr18,2948029,2948030,rs10460009,Type 2 Diabetes
chr18,7068462,7068463,rs8090011,Type 2 Diabetes
chr19,52497250,52497251,rs1978717,Type 2 Diabetes
chr19,52498522,52498523,rs1836002,Type 2 Diabetes
chr19,52408826,52408827,rs8101509,Type 2 Diabetes
chr19,52495380,52495381,rs11084127,Type 2 Diabetes
chr19,52495646,52495647,rs11084128,Type 2 Diabetes
chr19,52495803,52495804,rs2288887,Type 2 Diabetes
chr19,52471813,52471814,rs2278419,Type 2 Diabetes
chr19,11241915,11241916,rs6413504,Type 2 Diabetes
chr19,3365583,3365584,rs3810420,Type 2 Diabetes
chr19,39580737,39580738,rs472265,Type 2 Diabetes
chr19,33893008,33893009,rs3786897,Type 2 Diabetes
chr20,40811780,40811781,rs7262414,Type 2 Diabetes
chr20,52918459,52918460,rs1293143,Type 2 Diabetes
chr20,52917208,52917209,rs1293144,Type 2 Diabetes
chr20,19196096,19196097,rs6136651,Type 2 Diabetes
chr20,13753470,13753471,rs10485767,Type 2 Diabetes
chr20,52716084,52716085,rs209960,Type 2 Diabetes
chr20,36959732,36959733,rs6127771,Type 2 Diabetes
chr20,42989267,42989268,rs4812829,Type 2 Diabetes
chr20,42946966,42946967,rs6017317,Type 2 Diabetes
chr20,56029604,56029605,rs328506,Type 2 Diabetes
chr21,47000839,47000840,rs1888533,Type 2 Diabetes
chr21,44033960,44033961,rs375694,Type 2 Diabetes
chr21,19335631,19335632,rs2254434,Type 2 Diabetes
chr21,19369001,19369002,rs158081,Type 2 Diabetes
chr21,19333646,19333647,rs200801,Type 2 Diabetes
chr21,30915962,30915963,rs2154490,Type 2 Diabetes
chr21,29545193,29545194,rs2831605,Type 2 Diabetes
chr21,31177511,31177512,rs458685,Type 2 Diabetes
chr21,40453036,40453037,rs369906,Type 2 Diabetes
chr21,14847294,14847295,rs468601,Type 2 Diabetes
chr21,34376382,34376383,rs2834061,Type 2 Diabetes
chr21,33385186,33385187,rs2833610,Type 2 Diabetes
chr22,21028946,21028947,rs565979,Type 2 Diabetes
chr22,46684558,46684559,rs739164,Type 2 Diabetes
chr22,46497890,46497891,rs873492,Type 2 Diabetes
chr22,18551780,18551781,rs10483096,Type 2 Diabetes
chr22,37244877,37244878,rs10211998,Type 2 Diabetes
chr22,37245020,37245021,rs5756371,Type 2 Diabetes
chr22,22006219,22006220,rs861844,Type 2 Diabetes
chr22,44248504,44248505,rs470089,Type 2 Diabetes
chrX,152899922,152899923,rs5945326,Type 2 Diabetes
chrX,152862638,152862639,rs12010175,Type 2 Diabetes
